Metric,Mean,Std,Min,Max,Percentile_5,Percentile_95
Doubling_Time,5058.767578125,2502.5559853182,1992.0,9987.0,2394.0,9987.0
