Metric,Mean,Std,Min,Max,Percentile_5,Percentile_95
Startup_Inventory,2129.2978043738426,1107.508224910819,1022.718756942482,7747.431359823138,1143.9033254410062,4599.011482365542
